archetype_name,archetype_value,year,coicop_label,contribution
tenure_type,own_mortgage,2016,food_non_alcoholic,-0.2773835901567486
tenure_type,own_mortgage,2016,alcohol_tobacco,0.058612493202878896
tenure_type,own_mortgage,2016,clothing_footwear,0.0032345525793097472
tenure_type,own_mortgage,2016,actual_rents,0.002215660066174833
tenure_type,own_mortgage,2016,non_rent_housing_fuel,0.2767901103403023
tenure_type,own_mortgage,2016,furnishings,0.003875359677466867
tenure_type,own_mortgage,2016,health,0.04158707153292131
tenure_type,own_mortgage,2016,transport,0.2786758328797142
tenure_type,own_mortgage,2016,communication,0.11924797174098524
tenure_type,own_mortgage,2016,recreation_culture,0.12272809049481564
tenure_type,own_mortgage,2016,education,0.01574459257624145
tenure_type,own_mortgage,2016,restaurants_hotels,0.24865715730434765
tenure_type,own_mortgage,2016,misc_goods_services,0.10312184878331872
tenure_type,own_mortgage,2016,all_items,0.9971071510217283
tenure_type,own_mortgage,2017,food_non_alcoholic,0.4798617515213312
tenure_type,own_mortgage,2017,alcohol_tobacco,0.12278992160573886
tenure_type,own_mortgage,2017,clothing_footwear,0.14528194288970483
tenure_type,own_mortgage,2017,actual_rents,0.0009507038118309084
tenure_type,own_mortgage,2017,non_rent_housing_fuel,0.31285110003768707
tenure_type,own_mortgage,2017,furnishings,0.2718967271862549
tenure_type,own_mortgage,2017,health,0.052134109495584044
tenure_type,own_mortgage,2017,transport,0.5185499042119058
tenure_type,own_mortgage,2017,communication,0.0526272737275494
tenure_type,own_mortgage,2017,recreation_culture,0.3801551273044538
tenure_type,own_mortgage,2017,education,0.011146767976684298
tenure_type,own_mortgage,2017,restaurants_hotels,0.3057474189746055
tenure_type,own_mortgage,2017,misc_goods_services,0.11349327189224725
tenure_type,own_mortgage,2017,all_items,2.767486020635578
tenure_type,own_mortgage,2018,food_non_alcoholic,0.25497772799809215
tenure_type,own_mortgage,2018,alcohol_tobacco,0.13495448353710182
tenure_type,own_mortgage,2018,clothing_footwear,-0.014866106652814843
tenure_type,own_mortgage,2018,actual_rents,0.0007200106283631856
tenure_type,own_mortgage,2018,non_rent_housing_fuel,0.2900996806368153
tenure_type,own_mortgage,2018,furnishings,0.07854831002678167
tenure_type,own_mortgage,2018,health,0.04876340489091275
tenure_type,own_mortgage,2018,transport,0.6010146737382405
tenure_type,own_mortgage,2018,communication,0.0826835349882136
tenure_type,own_mortgage,2018,recreation_culture,0.4460615783659335
tenure_type,own_mortgage,2018,education,0.015659416308411986
tenure_type,own_mortgage,2018,restaurants_hotels,0.24544530722249022
tenure_type,own_mortgage,2018,misc_goods_services,-0.0047540072240826415
tenure_type,own_mortgage,2018,all_items,2.179308014464459
tenure_type,own_mortgage,2019,food_non_alcoholic,0.230270684048263
tenure_type,own_mortgage,2019,alcohol_tobacco,0.0736503205690071
tenure_type,own_mortgage,2019,clothing_footwear,-0.02178774992958572
tenure_type,own_mortgage,2019,actual_rents,0.0007222427042521331
tenure_type,own_mortgage,2019,non_rent_housing_fuel,0.26829981474763515
tenure_type,own_mortgage,2019,furnishings,0.0651820700727227
tenure_type,own_mortgage,2019,health,0.05696938180748026
tenure_type,own_mortgage,2019,transport,0.23530841140665998
tenure_type,own_mortgage,2019,communication,0.21464747852464483
tenure_type,own_mortgage,2019,recreation_culture,0.2378400791830661
tenure_type,own_mortgage,2019,education,0.00437513712577617
tenure_type,own_mortgage,2019,restaurants_hotels,0.24551174091557587
tenure_type,own_mortgage,2019,misc_goods_services,0.17366893072386805
tenure_type,own_mortgage,2019,all_items,1.7846585418993657
tenure_type,own_mortgage,2020,food_non_alcoholic,0.024904913756326957
tenure_type,own_mortgage,2020,alcohol_tobacco,0.07347876407699575
tenure_type,own_mortgage,2020,clothing_footwear,-0.09421202100141989
tenure_type,own_mortgage,2020,actual_rents,0.003939889293281752
tenure_type,own_mortgage,2020,non_rent_housing_fuel,0.03339964342583292
tenure_type,own_mortgage,2020,furnishings,0.015849038909272247
tenure_type,own_mortgage,2020,health,0.03487040766740311
tenure_type,own_mortgage,2020,transport,0.09591740342765973
tenure_type,own_mortgage,2020,communication,0.1750008851349064
tenure_type,own_mortgage,2020,recreation_culture,0.3468084095719365
tenure_type,own_mortgage,2020,education,0.007907006682826737
tenure_type,own_mortgage,2020,restaurants_hotels,0.061427867173400146
tenure_type,own_mortgage,2020,misc_goods_services,0.08018871901364709
tenure_type,own_mortgage,2020,all_items,0.8594809271320694
tenure_type,own_mortgage,2021,food_non_alcoholic,0.3938379717803119
tenure_type,own_mortgage,2021,alcohol_tobacco,0.12910404660513813
tenure_type,own_mortgage,2021,clothing_footwear,0.09445926781134485
tenure_type,own_mortgage,2021,actual_rents,0.007814290887525562
tenure_type,own_mortgage,2021,non_rent_housing_fuel,0.5624630953584815
tenure_type,own_mortgage,2021,furnishings,0.42840587540875746
tenure_type,own_mortgage,2021,health,0.03898149394222991
tenure_type,own_mortgage,2021,transport,1.1451999585847943
tenure_type,own_mortgage,2021,communication,0.10408529974855116
tenure_type,own_mortgage,2021,recreation_culture,0.283678072252452
tenure_type,own_mortgage,2021,education,0.014706277520075249
tenure_type,own_mortgage,2021,restaurants_hotels,0.16945130011105297
tenure_type,own_mortgage,2021,misc_goods_services,0.14265682772573207
tenure_type,own_mortgage,2021,all_items,3.514843777736447
tenure_type,own_mortgage,2022,food_non_alcoholic,2.5577129371559293
tenure_type,own_mortgage,2022,alcohol_tobacco,0.16828811825649867
tenure_type,own_mortgage,2022,clothing_footwear,0.23569730822353582
tenure_type,own_mortgage,2022,actual_rents,0.015931288864657462
tenure_type,own_mortgage,2022,non_rent_housing_fuel,1.9734786559206396
tenure_type,own_mortgage,2022,furnishings,0.7146352824025011
tenure_type,own_mortgage,2022,health,0.09907133513058038
tenure_type,own_mortgage,2022,transport,1.2562602412203492
tenure_type,own_mortgage,2022,communication,0.16730203173366154
tenure_type,own_mortgage,2022,recreation_culture,0.6229376980219821
tenure_type,own_mortgage,2022,education,0.01119791074004658
tenure_type,own_mortgage,2022,restaurants_hotels,0.7071153582181898
tenure_type,own_mortgage,2022,misc_goods_services,0.5013442817051157
tenure_type,own_mortgage,2022,all_items,9.030972447593687
tenure_type,own_mortgage,2023,food_non_alcoholic,1.9230180849958334
tenure_type,own_mortgage,2023,alcohol_tobacco,0.31877775835944894
tenure_type,own_mortgage,2023,clothing_footwear,0.19020753472857754
tenure_type,own_mortgage,2023,actual_rents,0.023531365593484576
tenure_type,own_mortgage,2023,non_rent_housing_fuel,0.6539537936593721
tenure_type,own_mortgage,2023,furnishings,0.2588870379060547
tenure_type,own_mortgage,2023,health,0.15993000378586267
tenure_type,own_mortgage,2023,transport,-0.047281639157373226
tenure_type,own_mortgage,2023,communication,0.43307567978712336
tenure_type,own_mortgage,2023,recreation_culture,0.817955633973126
tenure_type,own_mortgage,2023,education,0.0067417894559816905
tenure_type,own_mortgage,2023,restaurants_hotels,0.6610296669998766
tenure_type,own_mortgage,2023,misc_goods_services,0.4540317666808832
tenure_type,own_mortgage,2023,all_items,5.853858476768251
tenure_type,own_mortgage,2024,food_non_alcoholic,0.3730880411309697
tenure_type,own_mortgage,2024,alcohol_tobacco,0.16080518990985732
tenure_type,own_mortgage,2024,clothing_footwear,0.04518696805670073
tenure_type,own_mortgage,2024,actual_rents,0.03908602418100013
tenure_type,own_mortgage,2024,non_rent_housing_fuel,0.5472743933189528
tenure_type,own_mortgage,2024,furnishings,-0.05189630453484782
tenure_type,own_mortgage,2024,health,0.10951907422955721
tenure_type,own_mortgage,2024,transport,0.008535908730801161
tenure_type,own_mortgage,2024,communication,0.2541152504329981
tenure_type,own_mortgage,2024,recreation_culture,0.494293294759308
tenure_type,own_mortgage,2024,education,0.00962580648024586
tenure_type,own_mortgage,2024,restaurants_hotels,0.360938936251157
tenure_type,own_mortgage,2024,misc_goods_services,0.2954946725192827
tenure_type,own_mortgage,2024,all_items,2.6460672554659834
tenure_type,own_outright,2016,food_non_alcoholic,-0.23881190451811735
tenure_type,own_outright,2016,alcohol_tobacco,0.05277383583494493
tenure_type,own_outright,2016,clothing_footwear,0.004062065996855712
tenure_type,own_outright,2016,actual_rents,0.0
tenure_type,own_outright,2016,non_rent_housing_fuel,0.1972717933151067
tenure_type,own_outright,2016,furnishings,0.0036773500481419048
tenure_type,own_outright,2016,health,0.025860657961204063
tenure_type,own_outright,2016,transport,0.3525906036626781
tenure_type,own_outright,2016,communication,0.12526360396169514
tenure_type,own_outright,2016,recreation_culture,0.11996149655689058
tenure_type,own_outright,2016,education,0.04428635928956606
tenure_type,own_outright,2016,restaurants_hotels,0.2980693387824555
tenure_type,own_outright,2016,misc_goods_services,0.11154593353679672
tenure_type,own_outright,2016,all_items,1.0965511344282182
tenure_type,own_outright,2017,food_non_alcoholic,0.4144224081117513
tenure_type,own_outright,2017,alcohol_tobacco,0.12284868035176114
tenure_type,own_outright,2017,clothing_footwear,0.1757518463210812
tenure_type,own_outright,2017,actual_rents,0.0
tenure_type,own_outright,2017,non_rent_housing_fuel,0.23653158368787194
tenure_type,own_outright,2017,furnishings,0.22962650939822365
tenure_type,own_outright,2017,health,0.03628312938175589
tenure_type,own_outright,2017,transport,0.699243403292834
tenure_type,own_outright,2017,communication,0.05482404954217171
tenure_type,own_outright,2017,recreation_culture,0.35074717742139305
tenure_type,own_outright,2017,education,0.02614787780372351
tenure_type,own_outright,2017,restaurants_hotels,0.3510207087289599
tenure_type,own_outright,2017,misc_goods_services,0.12138817947001292
tenure_type,own_outright,2017,all_items,2.8188355535115406
tenure_type,own_outright,2018,food_non_alcoholic,0.2101887392336769
tenure_type,own_outright,2018,alcohol_tobacco,0.10561694175729629
tenure_type,own_outright,2018,clothing_footwear,-0.020166070399361486
tenure_type,own_outright,2018,actual_rents,0.0
tenure_type,own_outright,2018,non_rent_housing_fuel,0.19888618256582563
tenure_type,own_outright,2018,furnishings,0.07770702261470547
tenure_type,own_outright,2018,health,0.02900953306328863
tenure_type,own_outright,2018,transport,0.802801810036827
tenure_type,own_outright,2018,communication,0.08171708861282002
tenure_type,own_outright,2018,recreation_culture,0.43699960397780274
tenure_type,own_outright,2018,education,0.02583852473144601
tenure_type,own_outright,2018,restaurants_hotels,0.31206539680731304
tenure_type,own_outright,2018,misc_goods_services,-0.004878819496081002
tenure_type,own_outright,2018,all_items,2.2557859535055598
tenure_type,own_outright,2019,food_non_alcoholic,0.20370856058722348
tenure_type,own_outright,2019,alcohol_tobacco,0.0653408627313567
tenure_type,own_outright,2019,clothing_footwear,-0.02641605339324462
tenure_type,own_outright,2019,actual_rents,0.0
tenure_type,own_outright,2019,non_rent_housing_fuel,0.19753995909746802
tenure_type,own_outright,2019,furnishings,0.06243279180057161
tenure_type,own_outright,2019,health,0.03244864816331115
tenure_type,own_outright,2019,transport,0.3060189478917615
tenure_type,own_outright,2019,communication,0.2171541290117937
tenure_type,own_outright,2019,recreation_culture,0.21767810372746868
tenure_type,own_outright,2019,education,0.020590105495475026
tenure_type,own_outright,2019,restaurants_hotels,0.2961840505558889
tenure_type,own_outright,2019,misc_goods_services,0.1804083418169066
tenure_type,own_outright,2019,all_items,1.7730884474859812
tenure_type,own_outright,2020,food_non_alcoholic,0.021669161081292562
tenure_type,own_outright,2020,alcohol_tobacco,0.06425749303404715
tenure_type,own_outright,2020,clothing_footwear,-0.11903695554834119
tenure_type,own_outright,2020,actual_rents,0.0
tenure_type,own_outright,2020,non_rent_housing_fuel,0.02347771294041848
tenure_type,own_outright,2020,furnishings,0.01747209530620942
tenure_type,own_outright,2020,health,0.02228796532888866
tenure_type,own_outright,2020,transport,0.13156231680178512
tenure_type,own_outright,2020,communication,0.1678049921667182
tenure_type,own_outright,2020,recreation_culture,0.3029970875597301
tenure_type,own_outright,2020,education,0.02010052040914173
tenure_type,own_outright,2020,restaurants_hotels,0.07365821557874104
tenure_type,own_outright,2020,misc_goods_services,0.08314481166228559
tenure_type,own_outright,2020,all_items,0.8093954163209168
tenure_type,own_outright,2021,food_non_alcoholic,0.3566538369553274
tenure_type,own_outright,2021,alcohol_tobacco,0.10467696147419521
tenure_type,own_outright,2021,clothing_footwear,0.12458401919159837
tenure_type,own_outright,2021,actual_rents,0.0
tenure_type,own_outright,2021,non_rent_housing_fuel,0.42910976600151907
tenure_type,own_outright,2021,furnishings,0.4700501867673507
tenure_type,own_outright,2021,health,0.024566858662434715
tenure_type,own_outright,2021,transport,1.597684363826798
tenure_type,own_outright,2021,communication,0.09979324953829999
tenure_type,own_outright,2021,recreation_culture,0.2913949882707394
tenure_type,own_outright,2021,education,0.03358054269805821
tenure_type,own_outright,2021,restaurants_hotels,0.23120856102191084
tenure_type,own_outright,2021,misc_goods_services,0.1390206607676159
tenure_type,own_outright,2021,all_items,3.902323995175848
tenure_type,own_outright,2022,food_non_alcoholic,2.2785112461832964
tenure_type,own_outright,2022,alcohol_tobacco,0.13750011992411165
tenure_type,own_outright,2022,clothing_footwear,0.30629164685269566
tenure_type,own_outright,2022,actual_rents,0.0
tenure_type,own_outright,2022,non_rent_housing_fuel,1.5060762041382136
tenure_type,own_outright,2022,furnishings,0.7721233918088379
tenure_type,own_outright,2022,health,0.06350446715819516
tenure_type,own_outright,2022,transport,1.6384051201253818
tenure_type,own_outright,2022,communication,0.166854692957864
tenure_type,own_outright,2022,recreation_culture,0.6227915263705802
tenure_type,own_outright,2022,education,0.030261186121959903
tenure_type,own_outright,2022,restaurants_hotels,0.8580003093457181
tenure_type,own_outright,2022,misc_goods_services,0.49488635831113054
tenure_type,own_outright,2022,all_items,8.875206269297985
tenure_type,own_outright,2023,food_non_alcoholic,1.7512285341172076
tenure_type,own_outright,2023,alcohol_tobacco,0.24735441789622334
tenure_type,own_outright,2023,clothing_footwear,0.22449920149291497
tenure_type,own_outright,2023,actual_rents,0.0
tenure_type,own_outright,2023,non_rent_housing_fuel,0.5190096213798321
tenure_type,own_outright,2023,furnishings,0.24178245734069678
tenure_type,own_outright,2023,health,0.11377214515511545
tenure_type,own_outright,2023,transport,-0.06334842600706683
tenure_type,own_outright,2023,communication,0.4043269886651074
tenure_type,own_outright,2023,recreation_culture,0.8276839998430864
tenure_type,own_outright,2023,education,0.04095460010325527
tenure_type,own_outright,2023,restaurants_hotels,0.7407708466632552
tenure_type,own_outright,2023,misc_goods_services,0.4764036199820078
tenure_type,own_outright,2023,all_items,5.524438006631635
tenure_type,own_outright,2024,food_non_alcoholic,0.34074573361855265
tenure_type,own_outright,2024,alcohol_tobacco,0.13582248032027092
tenure_type,own_outright,2024,clothing_footwear,0.05307360335252355
tenure_type,own_outright,2024,actual_rents,0.0
tenure_type,own_outright,2024,non_rent_housing_fuel,0.42998938321890395
tenure_type,own_outright,2024,furnishings,-0.04596797554944976
tenure_type,own_outright,2024,health,0.06309142757512434
tenure_type,own_outright,2024,transport,0.011597138789177926
tenure_type,own_outright,2024,communication,0.26180795757381337
tenure_type,own_outright,2024,recreation_culture,0.4922331746665195
tenure_type,own_outright,2024,education,0.030658197757404013
tenure_type,own_outright,2024,restaurants_hotels,0.4193597648838179
tenure_type,own_outright,2024,misc_goods_services,0.3120946121351246
tenure_type,own_outright,2024,all_items,2.5045054983417825
tenure_type,private_rent,2016,food_non_alcoholic,-0.2059015721878556
tenure_type,private_rent,2016,alcohol_tobacco,0.0495843742571529
tenure_type,private_rent,2016,clothing_footwear,0.002991733442483737
tenure_type,private_rent,2016,actual_rents,0.3666642031995076
tenure_type,private_rent,2016,non_rent_housing_fuel,0.2120620506212852
tenure_type,private_rent,2016,furnishings,0.0019561900372179744
tenure_type,private_rent,2016,health,0.016638964736768697
tenure_type,private_rent,2016,transport,0.22298004660799725
tenure_type,private_rent,2016,communication,0.11824695373933504
tenure_type,private_rent,2016,recreation_culture,0.06733789007216226
tenure_type,private_rent,2016,education,0.050762606762816895
tenure_type,private_rent,2016,restaurants_hotels,0.20511473865883162
tenure_type,private_rent,2016,misc_goods_services,0.06425930717425629
tenure_type,private_rent,2016,all_items,1.17269748712196
tenure_type,private_rent,2017,food_non_alcoholic,0.3535656521137871
tenure_type,private_rent,2017,alcohol_tobacco,0.11932440995272192
tenure_type,private_rent,2017,clothing_footwear,0.13175838179640692
tenure_type,private_rent,2017,actual_rents,0.20915511484095356
tenure_type,private_rent,2017,non_rent_housing_fuel,0.22118937663210922
tenure_type,private_rent,2017,furnishings,0.11775975774500996
tenure_type,private_rent,2017,health,0.020882147484160056
tenure_type,private_rent,2017,transport,0.43388440764620845
tenure_type,private_rent,2017,communication,0.05032711290267931
tenure_type,private_rent,2017,recreation_culture,0.21419912237266625
tenure_type,private_rent,2017,education,0.03277917493335563
tenure_type,private_rent,2017,restaurants_hotels,0.24535379690474293
tenure_type,private_rent,2017,misc_goods_services,0.07043428106079741
tenure_type,private_rent,2017,all_items,2.2206127363855988
tenure_type,private_rent,2018,food_non_alcoholic,0.18671292019073105
tenure_type,private_rent,2018,alcohol_tobacco,0.10205883988225457
tenure_type,private_rent,2018,clothing_footwear,-0.013636920179413424
tenure_type,private_rent,2018,actual_rents,0.15970285692066297
tenure_type,private_rent,2018,non_rent_housing_fuel,0.19755370584353024
tenure_type,private_rent,2018,furnishings,0.044799938477590534
tenure_type,private_rent,2018,health,0.015603963118130193
tenure_type,private_rent,2018,transport,0.48910656790708745
tenure_type,private_rent,2018,communication,0.07179449989113723
tenure_type,private_rent,2018,recreation_culture,0.24553982315765743
tenure_type,private_rent,2018,education,0.025943458375551
tenure_type,private_rent,2018,restaurants_hotels,0.19949094343895338
tenure_type,private_rent,2018,misc_goods_services,-0.00309022539229211
tenure_type,private_rent,2018,all_items,1.7215803716315805
tenure_type,private_rent,2019,food_non_alcoholic,0.17748440313518737
tenure_type,private_rent,2019,alcohol_tobacco,0.07114065424337
tenure_type,private_rent,2019,clothing_footwear,-0.018058949329893784
tenure_type,private_rent,2019,actual_rents,0.22574114584229407
tenure_type,private_rent,2019,non_rent_housing_fuel,0.19663806178459114
tenure_type,private_rent,2019,furnishings,0.03151746808169062
tenure_type,private_rent,2019,health,0.022487150635547168
tenure_type,private_rent,2019,transport,0.18900495122099933
tenure_type,private_rent,2019,communication,0.18661024748588403
tenure_type,private_rent,2019,recreation_culture,0.11433422814900653
tenure_type,private_rent,2019,education,0.028842343915916616
tenure_type,private_rent,2019,restaurants_hotels,0.19143121705758015
tenure_type,private_rent,2019,misc_goods_services,0.10607059487184696
tenure_type,private_rent,2019,all_items,1.5232435170940206
tenure_type,private_rent,2020,food_non_alcoholic,0.018440922899941963
tenure_type,private_rent,2020,alcohol_tobacco,0.062029897664709156
tenure_type,private_rent,2020,clothing_footwear,-0.07565984169635857
tenure_type,private_rent,2020,actual_rents,0.49841535546323235
tenure_type,private_rent,2020,non_rent_housing_fuel,0.023419221414374716
tenure_type,private_rent,2020,furnishings,0.00893191575936903
tenure_type,private_rent,2020,health,0.015288047806227606
tenure_type,private_rent,2020,transport,0.08042852706723978
tenure_type,private_rent,2020,communication,0.13928732031679442
tenure_type,private_rent,2020,recreation_culture,0.17906856914556354
tenure_type,private_rent,2020,education,0.009380946832015648
tenure_type,private_rent,2020,restaurants_hotels,0.04730909872008401
tenure_type,private_rent,2020,misc_goods_services,0.055395399079614306
tenure_type,private_rent,2020,all_items,1.0617353804728078
tenure_type,private_rent,2021,food_non_alcoholic,0.25978078830193396
tenure_type,private_rent,2021,alcohol_tobacco,0.07778487715810888
tenure_type,private_rent,2021,clothing_footwear,0.08511169847543225
tenure_type,private_rent,2021,actual_rents,0.6503409920377617
tenure_type,private_rent,2021,non_rent_housing_fuel,0.3514250830068771
tenure_type,private_rent,2021,furnishings,0.24545321522091254
tenure_type,private_rent,2021,health,0.01582187382837234
tenure_type,private_rent,2021,transport,0.7777103141592288
tenure_type,private_rent,2021,communication,0.07635319818133653
tenure_type,private_rent,2021,recreation_culture,0.16517721359121038
tenure_type,private_rent,2021,education,0.029135393840158758
tenure_type,private_rent,2021,restaurants_hotels,0.13931157404428832
tenure_type,private_rent,2021,misc_goods_services,0.07848174256229686
tenure_type,private_rent,2021,all_items,2.9518879644079186
tenure_type,private_rent,2022,food_non_alcoholic,1.7575783122005815
tenure_type,private_rent,2022,alcohol_tobacco,0.1315883916125107
tenure_type,private_rent,2022,clothing_footwear,0.18294272415555204
tenure_type,private_rent,2022,actual_rents,1.443591205546795
tenure_type,private_rent,2022,non_rent_housing_fuel,1.202861541389448
tenure_type,private_rent,2022,furnishings,0.39006127082194325
tenure_type,private_rent,2022,health,0.03930540358018116
tenure_type,private_rent,2022,transport,0.930649795725829
tenure_type,private_rent,2022,communication,0.1244871846899757
tenure_type,private_rent,2022,recreation_culture,0.3341785266526283
tenure_type,private_rent,2022,education,0.021490194497612577
tenure_type,private_rent,2022,restaurants_hotels,0.5144599382991266
tenure_type,private_rent,2022,misc_goods_services,0.26904200637932957
tenure_type,private_rent,2022,all_items,7.342236495551514
tenure_type,private_rent,2023,food_non_alcoholic,1.341082736053832
tenure_type,private_rent,2023,alcohol_tobacco,0.1606802318364362
tenure_type,private_rent,2023,clothing_footwear,0.1551640035558387
tenure_type,private_rent,2023,actual_rents,2.2697130454322183
tenure_type,private_rent,2023,non_rent_housing_fuel,0.40030822460512605
tenure_type,private_rent,2023,furnishings,0.13648907031375407
tenure_type,private_rent,2023,health,0.07542626739310322
tenure_type,private_rent,2023,transport,-0.03441902737014632
tenure_type,private_rent,2023,communication,0.3288035005829791
tenure_type,private_rent,2023,recreation_culture,0.41813102017813336
tenure_type,private_rent,2023,education,0.034818515405089914
tenure_type,private_rent,2023,restaurants_hotels,0.466542116194847
tenure_type,private_rent,2023,misc_goods_services,0.25282502714802685
tenure_type,private_rent,2023,all_items,6.0055647313292395
tenure_type,private_rent,2024,food_non_alcoholic,0.266245102930903
tenure_type,private_rent,2024,alcohol_tobacco,0.10443114816043518
tenure_type,private_rent,2024,clothing_footwear,0.03810385214021993
tenure_type,private_rent,2024,actual_rents,2.5709686472573274
tenure_type,private_rent,2024,non_rent_housing_fuel,0.3354833153387569
tenure_type,private_rent,2024,furnishings,-0.024412581761229006
tenure_type,private_rent,2024,health,0.04748894771866432
tenure_type,private_rent,2024,transport,0.006719120487689379
tenure_type,private_rent,2024,communication,0.20289629637059947
tenure_type,private_rent,2024,recreation_culture,0.2396511765372028
tenure_type,private_rent,2024,education,0.06479792141579471
tenure_type,private_rent,2024,restaurants_hotels,0.2339659273188206
tenure_type,private_rent,2024,misc_goods_services,0.17490925829445902
tenure_type,private_rent,2024,all_items,4.261248132209644
tenure_type,social_rent,2016,food_non_alcoholic,-0.3222880631037337
tenure_type,social_rent,2016,alcohol_tobacco,0.08084190019820132
tenure_type,social_rent,2016,clothing_footwear,0.0031733614890886333
tenure_type,social_rent,2016,actual_rents,0.19065698948240614
tenure_type,social_rent,2016,non_rent_housing_fuel,0.3115170999462014
tenure_type,social_rent,2016,furnishings,0.003046915553118319
tenure_type,social_rent,2016,health,0.01801201107793722
tenure_type,social_rent,2016,transport,0.15654899337721626
tenure_type,social_rent,2016,communication,0.14510732436066945
tenure_type,social_rent,2016,recreation_culture,0.08503237264632754
tenure_type,social_rent,2016,education,0.006286942517559037
tenure_type,social_rent,2016,restaurants_hotels,0.16502961448164966
tenure_type,social_rent,2016,misc_goods_services,0.06315494888424361
tenure_type,social_rent,2016,all_items,0.9061204109108849
tenure_type,social_rent,2017,food_non_alcoholic,0.5524489568705375
tenure_type,social_rent,2017,alcohol_tobacco,0.22506150152747625
tenure_type,social_rent,2017,clothing_footwear,0.12769974228847758
tenure_type,social_rent,2017,actual_rents,0.1030929794252195
tenure_type,social_rent,2017,non_rent_housing_fuel,0.3994540197419035
tenure_type,social_rent,2017,furnishings,0.16631187319637344
tenure_type,social_rent,2017,health,0.02379707944691782
tenure_type,social_rent,2017,transport,0.3155950475530546
tenure_type,social_rent,2017,communication,0.06704849027604276
tenure_type,social_rent,2017,recreation_culture,0.2625182956872032
tenure_type,social_rent,2017,education,0.004198465777826788
tenure_type,social_rent,2017,restaurants_hotels,0.1858274687742894
tenure_type,social_rent,2017,misc_goods_services,0.06582379783715402
tenure_type,social_rent,2017,all_items,2.4988777184024764
tenure_type,social_rent,2018,food_non_alcoholic,0.27469085392906456
tenure_type,social_rent,2018,alcohol_tobacco,0.18963549787263503
tenure_type,social_rent,2018,clothing_footwear,-0.01582169886865219
tenure_type,social_rent,2018,actual_rents,0.08649793728558211
tenure_type,social_rent,2018,non_rent_housing_fuel,0.3190186778694668
tenure_type,social_rent,2018,furnishings,0.05910497014619651
tenure_type,social_rent,2018,health,0.013831651595664792
tenure_type,social_rent,2018,transport,0.37563505375415945
tenure_type,social_rent,2018,communication,0.09986835201925987
tenure_type,social_rent,2018,recreation_culture,0.30246169852173593
tenure_type,social_rent,2018,education,0.014353669681085314
tenure_type,social_rent,2018,restaurants_hotels,0.17028536451874363
tenure_type,social_rent,2018,misc_goods_services,-0.0025390725767582617
tenure_type,social_rent,2018,all_items,1.8870229557481835
tenure_type,social_rent,2019,food_non_alcoholic,0.2571163199680028
tenure_type,social_rent,2019,alcohol_tobacco,0.11478609632017897
tenure_type,social_rent,2019,clothing_footwear,-0.021587875353394563
tenure_type,social_rent,2019,actual_rents,0.11936253030711085
tenure_type,social_rent,2019,non_rent_housing_fuel,0.2996973864332131
tenure_type,social_rent,2019,furnishings,0.042685876464291755
tenure_type,social_rent,2019,health,0.026961507802874613
tenure_type,social_rent,2019,transport,0.16313114818709615
tenure_type,social_rent,2019,communication,0.24581446535715654
tenure_type,social_rent,2019,recreation_culture,0.13903699163310718
tenure_type,social_rent,2019,education,0.010575862931920803
tenure_type,social_rent,2019,restaurants_hotels,0.16917049151789154
tenure_type,social_rent,2019,misc_goods_services,0.10440447939471394
tenure_type,social_rent,2019,all_items,1.6711552809641637
tenure_type,social_rent,2020,food_non_alcoholic,0.028088832028721377
tenure_type,social_rent,2020,alcohol_tobacco,0.09115690912706939
tenure_type,social_rent,2020,clothing_footwear,-0.08521277731763371
tenure_type,social_rent,2020,actual_rents,0.3072952464212934
tenure_type,social_rent,2020,non_rent_housing_fuel,0.03420649331379826
tenure_type,social_rent,2020,furnishings,0.012429294087302055
tenure_type,social_rent,2020,health,0.016403197532463294
tenure_type,social_rent,2020,transport,0.06383743654630565
tenure_type,social_rent,2020,communication,0.1898452617671142
tenure_type,social_rent,2020,recreation_culture,0.2035965503572471
tenure_type,social_rent,2020,education,0.0029361217528445474
tenure_type,social_rent,2020,restaurants_hotels,0.03950649287910031
tenure_type,social_rent,2020,misc_goods_services,0.04629346657040533
tenure_type,social_rent,2020,all_items,0.9503825250660312
tenure_type,social_rent,2021,food_non_alcoholic,0.3603405590593375
tenure_type,social_rent,2021,alcohol_tobacco,0.12838893706012627
tenure_type,social_rent,2021,clothing_footwear,0.09103839775067438
tenure_type,social_rent,2021,actual_rents,0.3804836378603686
tenure_type,social_rent,2021,non_rent_housing_fuel,0.45316229134673697
tenure_type,social_rent,2021,furnishings,0.3498380838142027
tenure_type,social_rent,2021,health,0.013075198124893437
tenure_type,social_rent,2021,transport,0.7899015244956334
tenure_type,social_rent,2021,communication,0.10050901155412065
tenure_type,social_rent,2021,recreation_culture,0.21199660151295627
tenure_type,social_rent,2021,education,0.00686536599994563
tenure_type,social_rent,2021,restaurants_hotels,0.12105852479556495
tenure_type,social_rent,2021,misc_goods_services,0.08213701952956128
tenure_type,social_rent,2021,all_items,3.0887951529041224
tenure_type,social_rent,2022,food_non_alcoholic,2.5408292148569607
tenure_type,social_rent,2022,alcohol_tobacco,0.17314366972615725
tenure_type,social_rent,2022,clothing_footwear,0.23532065458189524
tenure_type,social_rent,2022,actual_rents,0.8478687899354309
tenure_type,social_rent,2022,non_rent_housing_fuel,1.792718035328821
tenure_type,social_rent,2022,furnishings,0.6275135531775277
tenure_type,social_rent,2022,health,0.04038405394268354
tenure_type,social_rent,2022,transport,0.7922152818605973
tenure_type,social_rent,2022,communication,0.17347501255116876
tenure_type,social_rent,2022,recreation_culture,0.42608122785886987
tenure_type,social_rent,2022,education,0.013480101331093708
tenure_type,social_rent,2022,restaurants_hotels,0.36867864897080377
tenure_type,social_rent,2022,misc_goods_services,0.27864779532169004
tenure_type,social_rent,2022,all_items,8.3103560394437
tenure_type,social_rent,2023,food_non_alcoholic,2.0244659290531115
tenure_type,social_rent,2023,alcohol_tobacco,0.29389563211623143
tenure_type,social_rent,2023,clothing_footwear,0.17736896098054425
tenure_type,social_rent,2023,actual_rents,1.3022266374400433
tenure_type,social_rent,2023,non_rent_housing_fuel,0.5918481880123138
tenure_type,social_rent,2023,furnishings,0.1961577538213088
tenure_type,social_rent,2023,health,0.08247547282058304
tenure_type,social_rent,2023,transport,-0.031796012374824933
tenure_type,social_rent,2023,communication,0.4892500564428273
tenure_type,social_rent,2023,recreation_culture,0.49835086393631395
tenure_type,social_rent,2023,education,0.002477465848437265
tenure_type,social_rent,2023,restaurants_hotels,0.3168244134156683
tenure_type,social_rent,2023,misc_goods_services,0.2988945200134744
tenure_type,social_rent,2023,all_items,6.242439881526034
tenure_type,social_rent,2024,food_non_alcoholic,0.3986232259761586
tenure_type,social_rent,2024,alcohol_tobacco,0.16774122263695118
tenure_type,social_rent,2024,clothing_footwear,0.042955692117498764
tenure_type,social_rent,2024,actual_rents,1.5577656276057255
tenure_type,social_rent,2024,non_rent_housing_fuel,0.5598713937695797
tenure_type,social_rent,2024,furnishings,-0.03656375953754379
tenure_type,social_rent,2024,health,0.05375472635769535
tenure_type,social_rent,2024,transport,0.004995524610534572
tenure_type,social_rent,2024,communication,0.30344636473849346
tenure_type,social_rent,2024,recreation_culture,0.2767262405116384
tenure_type,social_rent,2024,education,0.0054807330476197985
tenure_type,social_rent,2024,restaurants_hotels,0.1777055285388905
tenure_type,social_rent,2024,misc_goods_services,0.16454378150103843
tenure_type,social_rent,2024,all_items,3.677046301874281
tenure_type,unknown,2016,food_non_alcoholic,-0.3397888355328763
tenure_type,unknown,2016,alcohol_tobacco,0.0846336658038089
tenure_type,unknown,2016,clothing_footwear,0.003702825408368343
tenure_type,unknown,2016,actual_rents,0.0
tenure_type,unknown,2016,non_rent_housing_fuel,0.26545272835986655
tenure_type,unknown,2016,furnishings,0.003116533437573004
tenure_type,unknown,2016,health,0.035289277994983596
tenure_type,unknown,2016,transport,0.27901824022926625
tenure_type,unknown,2016,communication,0.1581921394938478
tenure_type,unknown,2016,recreation_culture,0.08555771399999092
tenure_type,unknown,2016,education,0.090333232456808
tenure_type,unknown,2016,restaurants_hotels,0.2555445141736804
tenure_type,unknown,2016,misc_goods_services,0.08424505762727458
tenure_type,unknown,2016,all_items,1.0052970934525922
tenure_type,unknown,2017,food_non_alcoholic,0.5162492192447166
tenure_type,unknown,2017,alcohol_tobacco,0.14414785423291399
tenure_type,unknown,2017,clothing_footwear,0.12490091823797922
tenure_type,unknown,2017,actual_rents,0.0
tenure_type,unknown,2017,non_rent_housing_fuel,0.3169977681314344
tenure_type,unknown,2017,furnishings,0.20279557386791094
tenure_type,unknown,2017,health,0.07629304666269558
tenure_type,unknown,2017,transport,0.5712826481797346
tenure_type,unknown,2017,communication,0.04760740566729695
tenure_type,unknown,2017,recreation_culture,0.3167995014966153
tenure_type,unknown,2017,education,0.05541865350824023
tenure_type,unknown,2017,restaurants_hotels,0.3226293302881032
tenure_type,unknown,2017,misc_goods_services,0.1129538348516908
tenure_type,unknown,2017,all_items,2.8080757543693324
tenure_type,unknown,2018,food_non_alcoholic,0.3061100942664386
tenure_type,unknown,2018,alcohol_tobacco,0.11567281520869808
tenure_type,unknown,2018,clothing_footwear,-0.013098053894563082
tenure_type,unknown,2018,actual_rents,0.0
tenure_type,unknown,2018,non_rent_housing_fuel,0.26771079537379444
tenure_type,unknown,2018,furnishings,0.11477761881421075
tenure_type,unknown,2018,health,0.03189282832797166
tenure_type,unknown,2018,transport,0.5041155952272942
tenure_type,unknown,2018,communication,0.08634601431417285
tenure_type,unknown,2018,recreation_culture,0.4125677401417239
tenure_type,unknown,2018,education,0.0
tenure_type,unknown,2018,restaurants_hotels,0.2055204628308415
tenure_type,unknown,2018,misc_goods_services,-0.0052901409604682835
tenure_type,unknown,2018,all_items,2.0263257696501147
tenure_type,unknown,2019,food_non_alcoholic,0.21098047130595357
tenure_type,unknown,2019,alcohol_tobacco,0.10554285468436082
tenure_type,unknown,2019,clothing_footwear,-0.03805247998328416
tenure_type,unknown,2019,actual_rents,0.0
tenure_type,unknown,2019,non_rent_housing_fuel,0.2832745752765892
tenure_type,unknown,2019,furnishings,0.04309318809186471
tenure_type,unknown,2019,health,0.023497075995038058
tenure_type,unknown,2019,transport,0.15813219223269562
tenure_type,unknown,2019,communication,0.27476125266675633
tenure_type,unknown,2019,recreation_culture,0.2021170052106647
tenure_type,unknown,2019,education,0.00206287110422662
tenure_type,unknown,2019,restaurants_hotels,0.3134061153446124
tenure_type,unknown,2019,misc_goods_services,0.23276623639221475
tenure_type,unknown,2019,all_items,1.8115813583216924
tenure_type,unknown,2020,food_non_alcoholic,0.030205157741528328
tenure_type,unknown,2020,alcohol_tobacco,0.0642990963003552
tenure_type,unknown,2020,clothing_footwear,-0.09194232934099797
tenure_type,unknown,2020,actual_rents,0.0
tenure_type,unknown,2020,non_rent_housing_fuel,0.028711266888318467
tenure_type,unknown,2020,furnishings,0.007817217471087386
tenure_type,unknown,2020,health,0.04374145787570944
tenure_type,unknown,2020,transport,0.12955732757679253
tenure_type,unknown,2020,communication,0.17977969627357115
tenure_type,unknown,2020,recreation_culture,0.24558150537925902
tenure_type,unknown,2020,education,0.06370698701865828
tenure_type,unknown,2020,restaurants_hotels,0.06591203474796312
tenure_type,unknown,2020,misc_goods_services,0.06886756318830586
tenure_type,unknown,2020,all_items,0.8362369811205509
tenure_type,unknown,2021,food_non_alcoholic,0.4387944550923307
tenure_type,unknown,2021,alcohol_tobacco,0.04692683451368825
tenure_type,unknown,2021,clothing_footwear,0.14584249562894996
tenure_type,unknown,2021,actual_rents,0.0
tenure_type,unknown,2021,non_rent_housing_fuel,0.5904144502449681
tenure_type,unknown,2021,furnishings,0.26000900814110334
tenure_type,unknown,2021,health,0.02283923200877198
tenure_type,unknown,2021,transport,1.0325269136154007
tenure_type,unknown,2021,communication,0.11788451161824466
tenure_type,unknown,2021,recreation_culture,0.28384413490795946
tenure_type,unknown,2021,education,0.09723783819066058
tenure_type,unknown,2021,restaurants_hotels,0.21970426348175945
tenure_type,unknown,2021,misc_goods_services,0.1287353605585426
tenure_type,unknown,2021,all_items,3.3847594980023796
tenure_type,unknown,2022,food_non_alcoholic,2.5187778232355003
tenure_type,unknown,2022,alcohol_tobacco,0.09292390567120908
tenure_type,unknown,2022,clothing_footwear,0.5893968740196563
tenure_type,unknown,2022,actual_rents,0.0
tenure_type,unknown,2022,non_rent_housing_fuel,1.9015407150546972
tenure_type,unknown,2022,furnishings,0.31558405742259443
tenure_type,unknown,2022,health,0.131732072528395
tenure_type,unknown,2022,transport,1.1448452812075949
tenure_type,unknown,2022,communication,0.16673597298732018
tenure_type,unknown,2022,recreation_culture,0.4156738933399294
tenure_type,unknown,2022,education,0.06548042296148114
tenure_type,unknown,2022,restaurants_hotels,1.1070261555473913
tenure_type,unknown,2022,misc_goods_services,0.539268963863355
tenure_type,unknown,2022,all_items,8.988986137839124
tenure_type,unknown,2023,food_non_alcoholic,1.9061885771207485
tenure_type,unknown,2023,alcohol_tobacco,0.19644231797303177
tenure_type,unknown,2023,clothing_footwear,0.13353698251763246
tenure_type,unknown,2023,actual_rents,0.0
tenure_type,unknown,2023,non_rent_housing_fuel,0.7046711462377662
tenure_type,unknown,2023,furnishings,0.20940671582596798
tenure_type,unknown,2023,health,0.2857443876004829
tenure_type,unknown,2023,transport,-0.06396459921129853
tenure_type,unknown,2023,communication,0.4689586776137108
tenure_type,unknown,2023,recreation_culture,0.7185049131202702
tenure_type,unknown,2023,education,0.02197726145775933
tenure_type,unknown,2023,restaurants_hotels,0.5167224791777008
tenure_type,unknown,2023,misc_goods_services,0.38953355180346155
tenure_type,unknown,2023,all_items,5.487722411237233
tenure_type,unknown,2024,food_non_alcoholic,0.4119195116232511
tenure_type,unknown,2024,alcohol_tobacco,0.17650784976782774
tenure_type,unknown,2024,clothing_footwear,0.035216602078687195
tenure_type,unknown,2024,actual_rents,0.0
tenure_type,unknown,2024,non_rent_housing_fuel,0.6468971440563808
tenure_type,unknown,2024,furnishings,-0.04405430410004389
tenure_type,unknown,2024,health,0.08237069837319054
tenure_type,unknown,2024,transport,0.00702122964638538
tenure_type,unknown,2024,communication,0.285297508735858
tenure_type,unknown,2024,recreation_culture,0.4282427097417285
tenure_type,unknown,2024,education,0.1038626661451631
tenure_type,unknown,2024,restaurants_hotels,0.4372199025983648
tenure_type,unknown,2024,misc_goods_services,0.22548358903879542
tenure_type,unknown,2024,all_items,2.7959851077055884
income_quintile,1.0,2016,food_non_alcoholic,-0.3487844403089726
income_quintile,1.0,2016,alcohol_tobacco,0.07477378531542045
income_quintile,1.0,2016,clothing_footwear,0.003423233691322547
income_quintile,1.0,2016,actual_rents,0.11189719132649896
income_quintile,1.0,2016,non_rent_housing_fuel,0.35397795923661945
income_quintile,1.0,2016,furnishings,0.00295930024435524
income_quintile,1.0,2016,health,0.022708765580495022
income_quintile,1.0,2016,transport,0.16948836325660868
income_quintile,1.0,2016,communication,0.15252775484553127
income_quintile,1.0,2016,recreation_culture,0.08183925586280019
income_quintile,1.0,2016,education,0.02233503487212475
income_quintile,1.0,2016,restaurants_hotels,0.17160174005859205
income_quintile,1.0,2016,misc_goods_services,0.07379520873863554
income_quintile,1.0,2016,all_items,0.8925431527200315
income_quintile,1.0,2017,food_non_alcoholic,0.5790067148598493
income_quintile,1.0,2017,alcohol_tobacco,0.18756586464052447
income_quintile,1.0,2017,clothing_footwear,0.14224496779361306
income_quintile,1.0,2017,actual_rents,0.06410362540021065
income_quintile,1.0,2017,non_rent_housing_fuel,0.4072564503841125
income_quintile,1.0,2017,furnishings,0.19375811255305678
income_quintile,1.0,2017,health,0.03195960541585609
income_quintile,1.0,2017,transport,0.34419051776770715
income_quintile,1.0,2017,communication,0.06680127808355543
income_quintile,1.0,2017,recreation_culture,0.26227862453096673
income_quintile,1.0,2017,education,0.013119278899418791
income_quintile,1.0,2017,restaurants_hotels,0.21850607794083246
income_quintile,1.0,2017,misc_goods_services,0.08070649165338352
income_quintile,1.0,2017,all_items,2.591497609923087
income_quintile,1.0,2018,food_non_alcoholic,0.30494774577674866
income_quintile,1.0,2018,alcohol_tobacco,0.16956352946072528
income_quintile,1.0,2018,clothing_footwear,-0.015003384703017477
income_quintile,1.0,2018,actual_rents,0.05070360598753727
income_quintile,1.0,2018,non_rent_housing_fuel,0.35996090268099956
income_quintile,1.0,2018,furnishings,0.06108834833350877
income_quintile,1.0,2018,health,0.02231278305438525
income_quintile,1.0,2018,transport,0.4065175452475534
income_quintile,1.0,2018,communication,0.0984185048119352
income_quintile,1.0,2018,recreation_culture,0.3115490647813005
income_quintile,1.0,2018,education,0.009273977638516286
income_quintile,1.0,2018,restaurants_hotels,0.18429932548290803
income_quintile,1.0,2018,misc_goods_services,-0.0032889636386195477
income_quintile,1.0,2018,all_items,1.960342984914481
income_quintile,1.0,2019,food_non_alcoholic,0.2804860077199235
income_quintile,1.0,2019,alcohol_tobacco,0.111809031122456
income_quintile,1.0,2019,clothing_footwear,-0.020614052307930845
income_quintile,1.0,2019,actual_rents,0.07292969733823737
income_quintile,1.0,2019,non_rent_housing_fuel,0.32765912307460665
income_quintile,1.0,2019,furnishings,0.04608477384885516
income_quintile,1.0,2019,health,0.034354706327570005
income_quintile,1.0,2019,transport,0.1588565381559903
income_quintile,1.0,2019,communication,0.24906062429646475
income_quintile,1.0,2019,recreation_culture,0.15954969111834205
income_quintile,1.0,2019,education,0.004963680695883575
income_quintile,1.0,2019,restaurants_hotels,0.1851951741337809
income_quintile,1.0,2019,misc_goods_services,0.12664710119716988
income_quintile,1.0,2019,all_items,1.7369820967213492
income_quintile,1.0,2020,food_non_alcoholic,0.029805053666625125
income_quintile,1.0,2020,alcohol_tobacco,0.08433260580214488
income_quintile,1.0,2020,clothing_footwear,-0.09094236775102546
income_quintile,1.0,2020,actual_rents,0.18446355915400184
income_quintile,1.0,2020,non_rent_housing_fuel,0.03845694240038448
income_quintile,1.0,2020,furnishings,0.01268391688016343
income_quintile,1.0,2020,health,0.01851666635131427
income_quintile,1.0,2020,transport,0.06733319657976175
income_quintile,1.0,2020,communication,0.19460202215631575
income_quintile,1.0,2020,recreation_culture,0.23545406983431294
income_quintile,1.0,2020,education,0.006297071200561093
income_quintile,1.0,2020,restaurants_hotels,0.042381925306358426
income_quintile,1.0,2020,misc_goods_services,0.059898827495402984
income_quintile,1.0,2020,all_items,0.8832834890763215
income_quintile,1.0,2021,food_non_alcoholic,0.41183924366921804
income_quintile,1.0,2021,alcohol_tobacco,0.11461890286421293
income_quintile,1.0,2021,clothing_footwear,0.08166493416227319
income_quintile,1.0,2021,actual_rents,0.2189322533320091
income_quintile,1.0,2021,non_rent_housing_fuel,0.5725781207222049
income_quintile,1.0,2021,furnishings,0.33471677305425035
income_quintile,1.0,2021,health,0.019607516724406554
income_quintile,1.0,2021,transport,0.8232228125953388
income_quintile,1.0,2021,communication,0.10868632677336061
income_quintile,1.0,2021,recreation_culture,0.2169363206182614
income_quintile,1.0,2021,education,0.01371127444793842
income_quintile,1.0,2021,restaurants_hotels,0.12497415346166535
income_quintile,1.0,2021,misc_goods_services,0.10649233341757608
income_quintile,1.0,2021,all_items,3.1479809658427156
income_quintile,1.0,2022,food_non_alcoholic,2.751594040460491
income_quintile,1.0,2022,alcohol_tobacco,0.17990172295168907
income_quintile,1.0,2022,clothing_footwear,0.23399111132015396
income_quintile,1.0,2022,actual_rents,0.5340546649567958
income_quintile,1.0,2022,non_rent_housing_fuel,2.028402333421149
income_quintile,1.0,2022,furnishings,0.5558544227410681
income_quintile,1.0,2022,health,0.06100681000770595
income_quintile,1.0,2022,transport,0.895285866323435
income_quintile,1.0,2022,communication,0.1687302559197681
income_quintile,1.0,2022,recreation_culture,0.4600405241289575
income_quintile,1.0,2022,education,0.014504078078634826
income_quintile,1.0,2022,restaurants_hotels,0.45244443621407326
income_quintile,1.0,2022,misc_goods_services,0.37311204588449093
income_quintile,1.0,2022,all_items,8.708922312408413
income_quintile,1.0,2023,food_non_alcoholic,2.167860313901348
income_quintile,1.0,2023,alcohol_tobacco,0.27128919762817216
income_quintile,1.0,2023,clothing_footwear,0.17177027574680834
income_quintile,1.0,2023,actual_rents,0.8244841438925028
income_quintile,1.0,2023,non_rent_housing_fuel,0.7059026830156561
income_quintile,1.0,2023,furnishings,0.18854589241088626
income_quintile,1.0,2023,health,0.10530326362159631
income_quintile,1.0,2023,transport,-0.033440464474589315
income_quintile,1.0,2023,communication,0.4680860016795715
income_quintile,1.0,2023,recreation_culture,0.5351908842108927
income_quintile,1.0,2023,education,0.021712181456709286
income_quintile,1.0,2023,restaurants_hotels,0.39613386292642894
income_quintile,1.0,2023,misc_goods_services,0.35781546104487016
income_quintile,1.0,2023,all_items,6.180653697060855
income_quintile,1.0,2024,food_non_alcoholic,0.4175508877532342
income_quintile,1.0,2024,alcohol_tobacco,0.16750663661080895
income_quintile,1.0,2024,clothing_footwear,0.04588166341129576
income_quintile,1.0,2024,actual_rents,1.0334876701964166
income_quintile,1.0,2024,non_rent_housing_fuel,0.5968091887771129
income_quintile,1.0,2024,furnishings,-0.03848353089761247
income_quintile,1.0,2024,health,0.06959628346904356
income_quintile,1.0,2024,transport,0.0062949744228170314
income_quintile,1.0,2024,communication,0.27982467228510505
income_quintile,1.0,2024,recreation_culture,0.30332155023347646
income_quintile,1.0,2024,education,0.027600437854893155
income_quintile,1.0,2024,restaurants_hotels,0.19139647354344455
income_quintile,1.0,2024,misc_goods_services,0.20578198412433044
income_quintile,1.0,2024,all_items,3.3065688917843667
income_quintile,2.0,2016,food_non_alcoholic,-0.2857054703705002
income_quintile,2.0,2016,alcohol_tobacco,0.06466305379487179
income_quintile,2.0,2016,clothing_footwear,0.0033256428012928955
income_quintile,2.0,2016,actual_rents,0.12466951280757758
income_quintile,2.0,2016,non_rent_housing_fuel,0.28019869480704146
income_quintile,2.0,2016,furnishings,0.0031037680960328278
income_quintile,2.0,2016,health,0.02778196017384643
income_quintile,2.0,2016,transport,0.23252422637216247
income_quintile,2.0,2016,communication,0.13255472943664198
income_quintile,2.0,2016,recreation_culture,0.09570759432692738
income_quintile,2.0,2016,education,0.01188428550093684
income_quintile,2.0,2016,restaurants_hotels,0.21712872990926138
income_quintile,2.0,2016,misc_goods_services,0.08488041809438034
income_quintile,2.0,2016,all_items,0.9927171457504731
income_quintile,2.0,2017,food_non_alcoholic,0.5017659734007824
income_quintile,2.0,2017,alcohol_tobacco,0.14654489892623584
income_quintile,2.0,2017,clothing_footwear,0.15489142871016934
income_quintile,2.0,2017,actual_rents,0.062027264190293
income_quintile,2.0,2017,non_rent_housing_fuel,0.3072984440551735
income_quintile,2.0,2017,furnishings,0.19080447532921432
income_quintile,2.0,2017,health,0.039075201572365575
income_quintile,2.0,2017,transport,0.4711240703304916
income_quintile,2.0,2017,communication,0.05827437377170334
income_quintile,2.0,2017,recreation_culture,0.31708889061804985
income_quintile,2.0,2017,education,0.011926538924693968
income_quintile,2.0,2017,restaurants_hotels,0.24281457689949282
income_quintile,2.0,2017,misc_goods_services,0.09895629215897012
income_quintile,2.0,2017,all_items,2.602592428887636
income_quintile,2.0,2018,food_non_alcoholic,0.2571901732284669
income_quintile,2.0,2018,alcohol_tobacco,0.12891344623803191
income_quintile,2.0,2018,clothing_footwear,-0.015424721892119856
income_quintile,2.0,2018,actual_rents,0.05227387968612627
income_quintile,2.0,2018,non_rent_housing_fuel,0.26988741408026423
income_quintile,2.0,2018,furnishings,0.06331798566208474
income_quintile,2.0,2018,health,0.026071328672276437
income_quintile,2.0,2018,transport,0.5601730879744966
income_quintile,2.0,2018,communication,0.0939845342285213
income_quintile,2.0,2018,recreation_culture,0.3535590717896696
income_quintile,2.0,2018,education,0.01697846098415619
income_quintile,2.0,2018,restaurants_hotels,0.20610974227519968
income_quintile,2.0,2018,misc_goods_services,-0.004079094633942421
income_quintile,2.0,2018,all_items,2.0089553082932317
income_quintile,2.0,2019,food_non_alcoholic,0.2458147779088704
income_quintile,2.0,2019,alcohol_tobacco,0.07349453057985497
income_quintile,2.0,2019,clothing_footwear,-0.021476590575228452
income_quintile,2.0,2019,actual_rents,0.07000520225153993
income_quintile,2.0,2019,non_rent_housing_fuel,0.26603362382687784
income_quintile,2.0,2019,furnishings,0.054218540761634106
income_quintile,2.0,2019,health,0.042936338403023404
income_quintile,2.0,2019,transport,0.20602702672491427
income_quintile,2.0,2019,communication,0.2385589857206566
income_quintile,2.0,2019,recreation_culture,0.16975744526405356
income_quintile,2.0,2019,education,0.009883924613623373
income_quintile,2.0,2019,restaurants_hotels,0.21068186116733612
income_quintile,2.0,2019,misc_goods_services,0.14882136738723936
income_quintile,2.0,2019,all_items,1.7147570340343952
income_quintile,2.0,2020,food_non_alcoholic,0.026112165015557236
income_quintile,2.0,2020,alcohol_tobacco,0.07831729425823238
income_quintile,2.0,2020,clothing_footwear,-0.08456945101297283
income_quintile,2.0,2020,actual_rents,0.15759151598216167
income_quintile,2.0,2020,non_rent_housing_fuel,0.03175531722547298
income_quintile,2.0,2020,furnishings,0.014895913836254406
income_quintile,2.0,2020,health,0.029917706691809137
income_quintile,2.0,2020,transport,0.08548140729735641
income_quintile,2.0,2020,communication,0.18613093141897846
income_quintile,2.0,2020,recreation_culture,0.2647161949300193
income_quintile,2.0,2020,education,0.010265973055775882
income_quintile,2.0,2020,restaurants_hotels,0.049151773279305
income_quintile,2.0,2020,misc_goods_services,0.06586471808027408
income_quintile,2.0,2020,all_items,0.9156314600582242
income_quintile,2.0,2021,food_non_alcoholic,0.3799136825023815
income_quintile,2.0,2021,alcohol_tobacco,0.10802021569709742
income_quintile,2.0,2021,clothing_footwear,0.10936597699673818
income_quintile,2.0,2021,actual_rents,0.21666410901727864
income_quintile,2.0,2021,non_rent_housing_fuel,0.49848034293720733
income_quintile,2.0,2021,furnishings,0.3786997544606694
income_quintile,2.0,2021,health,0.02545522057864637
income_quintile,2.0,2021,transport,0.9381723358273475
income_quintile,2.0,2021,communication,0.10152812818788841
income_quintile,2.0,2021,recreation_culture,0.23467603559743366
income_quintile,2.0,2021,education,0.019050467467218526
income_quintile,2.0,2021,restaurants_hotels,0.13165678637320752
income_quintile,2.0,2021,misc_goods_services,0.1150376828205802
income_quintile,2.0,2021,all_items,3.2567207384636947
income_quintile,2.0,2022,food_non_alcoholic,2.5602271954575553
income_quintile,2.0,2022,alcohol_tobacco,0.15439393935192894
income_quintile,2.0,2022,clothing_footwear,0.2323846743548887
income_quintile,2.0,2022,actual_rents,0.4426457459962151
income_quintile,2.0,2022,non_rent_housing_fuel,1.846359583668662
income_quintile,2.0,2022,furnishings,0.6312422770016813
income_quintile,2.0,2022,health,0.06367401607130191
income_quintile,2.0,2022,transport,1.0662620330008454
income_quintile,2.0,2022,communication,0.17829022869891945
income_quintile,2.0,2022,recreation_culture,0.5046739649956712
income_quintile,2.0,2022,education,0.01079303505330298
income_quintile,2.0,2022,restaurants_hotels,0.5670357990555236
income_quintile,2.0,2022,misc_goods_services,0.4022686589769515
income_quintile,2.0,2022,all_items,8.660251151683447
income_quintile,2.0,2023,food_non_alcoholic,2.0544643278010675
income_quintile,2.0,2023,alcohol_tobacco,0.293184858118988
income_quintile,2.0,2023,clothing_footwear,0.187930441924666
income_quintile,2.0,2023,actual_rents,0.7129538324089331
income_quintile,2.0,2023,non_rent_housing_fuel,0.5760788027944438
income_quintile,2.0,2023,furnishings,0.21919699562109324
income_quintile,2.0,2023,health,0.1292906808900336
income_quintile,2.0,2023,transport,-0.03989302402351165
income_quintile,2.0,2023,communication,0.4590413413189841
income_quintile,2.0,2023,recreation_culture,0.6636134759704635
income_quintile,2.0,2023,education,0.011496112505415901
income_quintile,2.0,2023,restaurants_hotels,0.45897795884081205
income_quintile,2.0,2023,misc_goods_services,0.3750032108826692
income_quintile,2.0,2023,all_items,6.101339015054058
income_quintile,2.0,2024,food_non_alcoholic,0.383331879114298
income_quintile,2.0,2024,alcohol_tobacco,0.14906343148765738
income_quintile,2.0,2024,clothing_footwear,0.04580860636767195
income_quintile,2.0,2024,actual_rents,0.8349649074983047
income_quintile,2.0,2024,non_rent_housing_fuel,0.5246595195435918
income_quintile,2.0,2024,furnishings,-0.043203484958007354
income_quintile,2.0,2024,health,0.06949483858592755
income_quintile,2.0,2024,transport,0.006664267674233004
income_quintile,2.0,2024,communication,0.28760559646991674
income_quintile,2.0,2024,recreation_culture,0.3874966491069378
income_quintile,2.0,2024,education,0.020332969984944497
income_quintile,2.0,2024,restaurants_hotels,0.25776779620221374
income_quintile,2.0,2024,misc_goods_services,0.2604444788069266
income_quintile,2.0,2024,all_items,3.1844314558846167
income_quintile,3.0,2016,food_non_alcoholic,-0.2583604461207438
income_quintile,3.0,2016,alcohol_tobacco,0.0612833475337953
income_quintile,3.0,2016,clothing_footwear,0.003501144840048603
income_quintile,3.0,2016,actual_rents,0.10604986364689897
income_quintile,3.0,2016,non_rent_housing_fuel,0.21767439606326486
income_quintile,3.0,2016,furnishings,0.003418077415397126
income_quintile,3.0,2016,health,0.028052507275931185
income_quintile,3.0,2016,transport,0.2704362132984422
income_quintile,3.0,2016,communication,0.12679371144137394
income_quintile,3.0,2016,recreation_culture,0.1078012038463965
income_quintile,3.0,2016,education,0.040856412981549836
income_quintile,3.0,2016,restaurants_hotels,0.23615213976236302
income_quintile,3.0,2016,misc_goods_services,0.09557295124640484
income_quintile,3.0,2016,all_items,1.0392315232311224
income_quintile,3.0,2017,food_non_alcoholic,0.44498447701481986
income_quintile,3.0,2017,alcohol_tobacco,0.12937853079700978
income_quintile,3.0,2017,clothing_footwear,0.14302279200987175
income_quintile,3.0,2017,actual_rents,0.05263743176615747
income_quintile,3.0,2017,non_rent_housing_fuel,0.2800907363362363
income_quintile,3.0,2017,furnishings,0.22778701928300973
income_quintile,3.0,2017,health,0.044340843516626885
income_quintile,3.0,2017,transport,0.5402326491903607
income_quintile,3.0,2017,communication,0.05645116905103526
income_quintile,3.0,2017,recreation_culture,0.31495422835302295
income_quintile,3.0,2017,education,0.01409486211140562
income_quintile,3.0,2017,restaurants_hotels,0.28641074543134987
income_quintile,3.0,2017,misc_goods_services,0.10524556629127371
income_quintile,3.0,2017,all_items,2.6396310511521803
income_quintile,3.0,2018,food_non_alcoholic,0.23007723772980834
income_quintile,3.0,2018,alcohol_tobacco,0.12692915310361502
income_quintile,3.0,2018,clothing_footwear,-0.016458998120442
income_quintile,3.0,2018,actual_rents,0.04267586206459214
income_quintile,3.0,2018,non_rent_housing_fuel,0.23323421445589385
income_quintile,3.0,2018,furnishings,0.0703886135097134
income_quintile,3.0,2018,health,0.03723855476788277
income_quintile,3.0,2018,transport,0.6169736522065759
income_quintile,3.0,2018,communication,0.0822948537770115
income_quintile,3.0,2018,recreation_culture,0.4001207497457059
income_quintile,3.0,2018,education,0.011810833868225757
income_quintile,3.0,2018,restaurants_hotels,0.23681444356487216
income_quintile,3.0,2018,misc_goods_services,-0.0043745067059037645
income_quintile,3.0,2018,all_items,2.067724663967551
income_quintile,3.0,2019,food_non_alcoholic,0.21008754935446325
income_quintile,3.0,2019,alcohol_tobacco,0.0791112538961542
income_quintile,3.0,2019,clothing_footwear,-0.023619626218398165
income_quintile,3.0,2019,actual_rents,0.05960803519547116
income_quintile,3.0,2019,non_rent_housing_fuel,0.22026332519655692
income_quintile,3.0,2019,furnishings,0.05578907738102207
income_quintile,3.0,2019,health,0.040375441074513706
income_quintile,3.0,2019,transport,0.24631224152477454
income_quintile,3.0,2019,communication,0.21774626379086776
income_quintile,3.0,2019,recreation_culture,0.1980154699793346
income_quintile,3.0,2019,education,0.009558779071089958
income_quintile,3.0,2019,restaurants_hotels,0.23663608166701858
income_quintile,3.0,2019,misc_goods_services,0.15732180914490979
income_quintile,3.0,2019,all_items,1.7072057010577786
income_quintile,3.0,2020,food_non_alcoholic,0.023182757746302077
income_quintile,3.0,2020,alcohol_tobacco,0.06833760708618461
income_quintile,3.0,2020,clothing_footwear,-0.10116512502258798
income_quintile,3.0,2020,actual_rents,0.1520398845609721
income_quintile,3.0,2020,non_rent_housing_fuel,0.02702996163983976
income_quintile,3.0,2020,furnishings,0.01461371085965351
income_quintile,3.0,2020,health,0.025185812224978815
income_quintile,3.0,2020,transport,0.09864743758956565
income_quintile,3.0,2020,communication,0.1694726744193785
income_quintile,3.0,2020,recreation_culture,0.2743205589866141
income_quintile,3.0,2020,education,0.008789333508821166
income_quintile,3.0,2020,restaurants_hotels,0.059066153040067
income_quintile,3.0,2020,misc_goods_services,0.0735184763983203
income_quintile,3.0,2020,all_items,0.8930392430381097
income_quintile,3.0,2021,food_non_alcoholic,0.3396547104907064
income_quintile,3.0,2021,alcohol_tobacco,0.11391638741418486
income_quintile,3.0,2021,clothing_footwear,0.1039322221521044
income_quintile,3.0,2021,actual_rents,0.17800317596983128
income_quintile,3.0,2021,non_rent_housing_fuel,0.440624723256575
income_quintile,3.0,2021,furnishings,0.3811026028582005
income_quintile,3.0,2021,health,0.03474200642154929
income_quintile,3.0,2021,transport,1.2269449443948472
income_quintile,3.0,2021,communication,0.09513451140081297
income_quintile,3.0,2021,recreation_culture,0.2728449022358108
income_quintile,3.0,2021,education,0.016897606176184018
income_quintile,3.0,2021,restaurants_hotels,0.17327842016260578
income_quintile,3.0,2021,misc_goods_services,0.12276052509540795
income_quintile,3.0,2021,all_items,3.499836738028821
income_quintile,3.0,2022,food_non_alcoholic,2.2788622586788105
income_quintile,3.0,2022,alcohol_tobacco,0.15354444829037003
income_quintile,3.0,2022,clothing_footwear,0.2598163194598064
income_quintile,3.0,2022,actual_rents,0.3790393317536375
income_quintile,3.0,2022,non_rent_housing_fuel,1.568240771685837
income_quintile,3.0,2022,furnishings,0.6685447028207945
income_quintile,3.0,2022,health,0.07402963874036762
income_quintile,3.0,2022,transport,1.2787403953975618
income_quintile,3.0,2022,communication,0.16791254960506252
income_quintile,3.0,2022,recreation_culture,0.5552188196004992
income_quintile,3.0,2022,education,0.019688499731053445
income_quintile,3.0,2022,restaurants_hotels,0.6477444585334592
income_quintile,3.0,2022,misc_goods_services,0.44020828526584493
income_quintile,3.0,2022,all_items,8.491590479563104
income_quintile,3.0,2023,food_non_alcoholic,1.7879051606413745
income_quintile,3.0,2023,alcohol_tobacco,0.2680776710772716
income_quintile,3.0,2023,clothing_footwear,0.20709012774654192
income_quintile,3.0,2023,actual_rents,0.5840304364073249
income_quintile,3.0,2023,non_rent_housing_fuel,0.5456045139981742
income_quintile,3.0,2023,furnishings,0.20770490035185543
income_quintile,3.0,2023,health,0.12583790394731198
income_quintile,3.0,2023,transport,-0.05125918120981193
income_quintile,3.0,2023,communication,0.43087281306475017
income_quintile,3.0,2023,recreation_culture,0.6926672089585413
income_quintile,3.0,2023,education,0.012138053085271576
income_quintile,3.0,2023,restaurants_hotels,0.6048024954087547
income_quintile,3.0,2023,misc_goods_services,0.3908188233091703
income_quintile,3.0,2023,all_items,5.80629092678653
income_quintile,3.0,2024,food_non_alcoholic,0.3541632906712051
income_quintile,3.0,2024,alcohol_tobacco,0.1557833254516782
income_quintile,3.0,2024,clothing_footwear,0.046036440945263206
income_quintile,3.0,2024,actual_rents,0.7078730033532259
income_quintile,3.0,2024,non_rent_housing_fuel,0.46380077527708863
income_quintile,3.0,2024,furnishings,-0.04230923824253679
income_quintile,3.0,2024,health,0.0771721137924374
income_quintile,3.0,2024,transport,0.00919455689687976
income_quintile,3.0,2024,communication,0.2690305041025259
income_quintile,3.0,2024,recreation_culture,0.3814592258308819
income_quintile,3.0,2024,education,0.011895219072357757
income_quintile,3.0,2024,restaurants_hotels,0.3375848011374222
income_quintile,3.0,2024,misc_goods_services,0.24996279089356782
income_quintile,3.0,2024,all_items,3.0216468091819975
income_quintile,4.0,2016,food_non_alcoholic,-0.2257249227168242
income_quintile,4.0,2016,alcohol_tobacco,0.049672968637893423
income_quintile,4.0,2016,clothing_footwear,0.0035741137026592514
income_quintile,4.0,2016,actual_rents,0.08462107394192094
income_quintile,4.0,2016,non_rent_housing_fuel,0.2030927662480595
income_quintile,4.0,2016,furnishings,0.003364891196461241
income_quintile,4.0,2016,health,0.029107450160652325
income_quintile,4.0,2016,transport,0.31545277558838475
income_quintile,4.0,2016,communication,0.11600899868529578
income_quintile,4.0,2016,recreation_culture,0.11756275952935355
income_quintile,4.0,2016,education,0.029262762788314644
income_quintile,4.0,2016,restaurants_hotels,0.27147976290547016
income_quintile,4.0,2016,misc_goods_services,0.10285795122247547
income_quintile,4.0,2016,all_items,1.1003333518901168
income_quintile,4.0,2017,food_non_alcoholic,0.3961878578941733
income_quintile,4.0,2017,alcohol_tobacco,0.11369574142328552
income_quintile,4.0,2017,clothing_footwear,0.1633477645491418
income_quintile,4.0,2017,actual_rents,0.043395595491508294
income_quintile,4.0,2017,non_rent_housing_fuel,0.22737427239278515
income_quintile,4.0,2017,furnishings,0.21661893957791953
income_quintile,4.0,2017,health,0.03690003578196831
income_quintile,4.0,2017,transport,0.6322692650732754
income_quintile,4.0,2017,communication,0.05006818484811586
income_quintile,4.0,2017,recreation_culture,0.348196424443226
income_quintile,4.0,2017,education,0.022155324598043574
income_quintile,4.0,2017,restaurants_hotels,0.3341371856089052
income_quintile,4.0,2017,misc_goods_services,0.10864358113923318
income_quintile,4.0,2017,all_items,2.692990172821581
income_quintile,4.0,2018,food_non_alcoholic,0.19867639255410272
income_quintile,4.0,2018,alcohol_tobacco,0.112304724142101
income_quintile,4.0,2018,clothing_footwear,-0.018606582074217608
income_quintile,4.0,2018,actual_rents,0.03541096303904406
income_quintile,4.0,2018,non_rent_housing_fuel,0.20474817138812929
income_quintile,4.0,2018,furnishings,0.07204452958391848
income_quintile,4.0,2018,health,0.036205025911018075
income_quintile,4.0,2018,transport,0.6850283695760687
income_quintile,4.0,2018,communication,0.07575974206153131
income_quintile,4.0,2018,recreation_culture,0.41711312956791724
income_quintile,4.0,2018,education,0.024616073050039548
income_quintile,4.0,2018,restaurants_hotels,0.27675462848988897
income_quintile,4.0,2018,misc_goods_services,-0.004675952921739134
income_quintile,4.0,2018,all_items,2.115379214367803
income_quintile,4.0,2019,food_non_alcoholic,0.18706178621553418
income_quintile,4.0,2019,alcohol_tobacco,0.06409409004550104
income_quintile,4.0,2019,clothing_footwear,-0.02407655966900161
income_quintile,4.0,2019,actual_rents,0.04999872019599554
income_quintile,4.0,2019,non_rent_housing_fuel,0.19579835430270598
income_quintile,4.0,2019,furnishings,0.05429453616316043
income_quintile,4.0,2019,health,0.03491717833077712
income_quintile,4.0,2019,transport,0.2795022256304434
income_quintile,4.0,2019,communication,0.2039756094171211
income_quintile,4.0,2019,recreation_culture,0.21846818623703917
income_quintile,4.0,2019,education,0.018741730688903745
income_quintile,4.0,2019,restaurants_hotels,0.2665321946939602
income_quintile,4.0,2019,misc_goods_services,0.16412960424921036
income_quintile,4.0,2019,all_items,1.7134376565013507
income_quintile,4.0,2020,food_non_alcoholic,0.019860574114474002
income_quintile,4.0,2020,alcohol_tobacco,0.06304794824267412
income_quintile,4.0,2020,clothing_footwear,-0.1023336218681641
income_quintile,4.0,2020,actual_rents,0.10909355550957063
income_quintile,4.0,2020,non_rent_housing_fuel,0.023512456057476486
income_quintile,4.0,2020,furnishings,0.014648307915200819
income_quintile,4.0,2020,health,0.024189093303340677
income_quintile,4.0,2020,transport,0.11728317875206144
income_quintile,4.0,2020,communication,0.1588667999434625
income_quintile,4.0,2020,recreation_culture,0.3083816626329673
income_quintile,4.0,2020,education,0.01324699405442759
income_quintile,4.0,2020,restaurants_hotels,0.06921301434646793
income_quintile,4.0,2020,misc_goods_services,0.0794922756854699
income_quintile,4.0,2020,all_items,0.8985022386894295
income_quintile,4.0,2021,food_non_alcoholic,0.33750802670316155
income_quintile,4.0,2021,alcohol_tobacco,0.11316444460120377
income_quintile,4.0,2021,clothing_footwear,0.10520466300327144
income_quintile,4.0,2021,actual_rents,0.1268169645389812
income_quintile,4.0,2021,non_rent_housing_fuel,0.42790408676357505
income_quintile,4.0,2021,furnishings,0.389937083322754
income_quintile,4.0,2021,health,0.027130923956521263
income_quintile,4.0,2021,transport,1.4018997539584732
income_quintile,4.0,2021,communication,0.09877376812556621
income_quintile,4.0,2021,recreation_culture,0.2745562130739572
income_quintile,4.0,2021,education,0.02388998712841779
income_quintile,4.0,2021,restaurants_hotels,0.20578013490931168
income_quintile,4.0,2021,misc_goods_services,0.12960951793819397
income_quintile,4.0,2021,all_items,3.6621755680233883
income_quintile,4.0,2022,food_non_alcoholic,2.1774306616175303
income_quintile,4.0,2022,alcohol_tobacco,0.1351733955597189
income_quintile,4.0,2022,clothing_footwear,0.2558846069939794
income_quintile,4.0,2022,actual_rents,0.27590146899019946
income_quintile,4.0,2022,non_rent_housing_fuel,1.4915434898252606
income_quintile,4.0,2022,furnishings,0.7086806304505884
income_quintile,4.0,2022,health,0.06980720782270203
income_quintile,4.0,2022,transport,1.4821064654095641
income_quintile,4.0,2022,communication,0.15754720385743778
income_quintile,4.0,2022,recreation_culture,0.5818819275881084
income_quintile,4.0,2022,education,0.019985187987592495
income_quintile,4.0,2022,restaurants_hotels,0.7834755400146518
income_quintile,4.0,2022,misc_goods_services,0.4514587075126478
income_quintile,4.0,2022,all_items,8.590876493629983
income_quintile,4.0,2023,food_non_alcoholic,1.5142230903081153
income_quintile,4.0,2023,alcohol_tobacco,0.25681340841986566
income_quintile,4.0,2023,clothing_footwear,0.21786189628662433
income_quintile,4.0,2023,actual_rents,0.44329863714691137
income_quintile,4.0,2023,non_rent_housing_fuel,0.5097072423060235
income_quintile,4.0,2023,furnishings,0.24021465816604884
income_quintile,4.0,2023,health,0.12190964549269452
income_quintile,4.0,2023,transport,-0.05644869269022528
income_quintile,4.0,2023,communication,0.3923251050949859
income_quintile,4.0,2023,recreation_culture,0.8066847938602542
income_quintile,4.0,2023,education,0.014393755083044319
income_quintile,4.0,2023,restaurants_hotels,0.6726268088903847
income_quintile,4.0,2023,misc_goods_services,0.4391245439039396
income_quintile,4.0,2023,all_items,5.572734892268667
income_quintile,4.0,2024,food_non_alcoholic,0.3136533245900056
income_quintile,4.0,2024,alcohol_tobacco,0.13054443570618757
income_quintile,4.0,2024,clothing_footwear,0.04583168198991131
income_quintile,4.0,2024,actual_rents,0.6177117748577009
income_quintile,4.0,2024,non_rent_housing_fuel,0.42396906750922086
income_quintile,4.0,2024,furnishings,-0.04387777861626375
income_quintile,4.0,2024,health,0.08017050345785935
income_quintile,4.0,2024,transport,0.009957884211910122
income_quintile,4.0,2024,communication,0.23516816843153135
income_quintile,4.0,2024,recreation_culture,0.47663761867204796
income_quintile,4.0,2024,education,0.021792873885667474
income_quintile,4.0,2024,restaurants_hotels,0.3546344186450336
income_quintile,4.0,2024,misc_goods_services,0.2738631922003515
income_quintile,4.0,2024,all_items,2.940057165541164
income_quintile,5.0,2016,food_non_alcoholic,-0.19024685784537673
income_quintile,5.0,2016,alcohol_tobacco,0.04597014579769709
income_quintile,5.0,2016,clothing_footwear,0.003378074628541486
income_quintile,5.0,2016,actual_rents,0.06242735708546989
income_quintile,5.0,2016,non_rent_housing_fuel,0.1824484418188418
income_quintile,5.0,2016,furnishings,0.003789452566140442
income_quintile,5.0,2016,health,0.03426230398604801
income_quintile,5.0,2016,transport,0.36238484119767267
income_quintile,5.0,2016,communication,0.10079238611027755
income_quintile,5.0,2016,recreation_culture,0.123296058723498
income_quintile,5.0,2016,education,0.04329667262346975
income_quintile,5.0,2016,restaurants_hotels,0.31069201750176
income_quintile,5.0,2016,misc_goods_services,0.10178763872558505
income_quintile,5.0,2016,all_items,1.1842785329196248
income_quintile,5.0,2017,food_non_alcoholic,0.32808414877979597
income_quintile,5.0,2017,alcohol_tobacco,0.11317337965872853
income_quintile,5.0,2017,clothing_footwear,0.1457578680814869
income_quintile,5.0,2017,actual_rents,0.033414109908343724
income_quintile,5.0,2017,non_rent_housing_fuel,0.2125259087796056
income_quintile,5.0,2017,furnishings,0.2534886716243921
income_quintile,5.0,2017,health,0.03685607625275485
income_quintile,5.0,2017,transport,0.663779409114002
income_quintile,5.0,2017,communication,0.04286286961854228
income_quintile,5.0,2017,recreation_culture,0.3791881551892629
income_quintile,5.0,2017,education,0.03308447709394211
income_quintile,5.0,2017,restaurants_hotels,0.37610704174430865
income_quintile,5.0,2017,misc_goods_services,0.11359525608409086
income_quintile,5.0,2017,all_items,2.731917371929257
income_quintile,5.0,2018,food_non_alcoholic,0.1727123522314835
income_quintile,5.0,2018,alcohol_tobacco,0.10349977734637372
income_quintile,5.0,2018,clothing_footwear,-0.016387545924017796
income_quintile,5.0,2018,actual_rents,0.028530856624505444
income_quintile,5.0,2018,non_rent_housing_fuel,0.1810319088072755
income_quintile,5.0,2018,furnishings,0.08093236387265035
income_quintile,5.0,2018,health,0.03529845550779237
income_quintile,5.0,2018,transport,0.7685309656142527
income_quintile,5.0,2018,communication,0.06548525970993653
income_quintile,5.0,2018,recreation_culture,0.44684508497608866
income_quintile,5.0,2018,education,0.0365513814559345
income_quintile,5.0,2018,restaurants_hotels,0.32565906634244085
income_quintile,5.0,2018,misc_goods_services,-0.004387824073851941
income_quintile,5.0,2018,all_items,2.2243021024908645
income_quintile,5.0,2019,food_non_alcoholic,0.1632104798035348
income_quintile,5.0,2019,alcohol_tobacco,0.060157974237772104
income_quintile,5.0,2019,clothing_footwear,-0.023675177454382145
income_quintile,5.0,2019,actual_rents,0.03621107951799285
income_quintile,5.0,2019,non_rent_housing_fuel,0.18601940723106067
income_quintile,5.0,2019,furnishings,0.06396715194545938
income_quintile,5.0,2019,health,0.04008371724065219
income_quintile,5.0,2019,transport,0.2926390225766644
income_quintile,5.0,2019,communication,0.17090307310366806
income_quintile,5.0,2019,recreation_culture,0.2281321383471766
income_quintile,5.0,2019,education,0.028800175188699706
income_quintile,5.0,2019,restaurants_hotels,0.30256245289172645
income_quintile,5.0,2019,misc_goods_services,0.1712453233561561
income_quintile,5.0,2019,all_items,1.7202568179861812
income_quintile,5.0,2020,food_non_alcoholic,0.017796159962739817
income_quintile,5.0,2020,alcohol_tobacco,0.061447127808074126
income_quintile,5.0,2020,clothing_footwear,-0.10634854304652373
income_quintile,5.0,2020,actual_rents,0.0760617799480175
income_quintile,5.0,2020,non_rent_housing_fuel,0.02303820055782706
income_quintile,5.0,2020,furnishings,0.015850548219093853
income_quintile,5.0,2020,health,0.026621710816823234
income_quintile,5.0,2020,transport,0.1271943372872933
income_quintile,5.0,2020,communication,0.13677738722312677
income_quintile,5.0,2020,recreation_culture,0.32473384786505033
income_quintile,5.0,2020,education,0.0176748377599929
income_quintile,5.0,2020,restaurants_hotels,0.07657199569550954
income_quintile,5.0,2020,misc_goods_services,0.07886918657068576
income_quintile,5.0,2020,all_items,0.8762885766677104
income_quintile,5.0,2021,food_non_alcoholic,0.29877983278723236
income_quintile,5.0,2021,alcohol_tobacco,0.10525627255862048
income_quintile,5.0,2021,clothing_footwear,0.11050371067633577
income_quintile,5.0,2021,actual_rents,0.13134217118041003
income_quintile,5.0,2021,non_rent_housing_fuel,0.40279797153916425
income_quintile,5.0,2021,furnishings,0.4903501539352272
income_quintile,5.0,2021,health,0.02654823703856989
income_quintile,5.0,2021,transport,1.4414757633250708
income_quintile,5.0,2021,communication,0.08211672488751227
income_quintile,5.0,2021,recreation_culture,0.27420633008108125
income_quintile,5.0,2021,education,0.04026665492789151
income_quintile,5.0,2021,restaurants_hotels,0.24729401201352258
income_quintile,5.0,2021,misc_goods_services,0.13346825085792846
income_quintile,5.0,2021,all_items,3.784406085808566
income_quintile,5.0,2022,food_non_alcoholic,1.8664649769771762
income_quintile,5.0,2022,alcohol_tobacco,0.13731759718488262
income_quintile,5.0,2022,clothing_footwear,0.2748052918478285
income_quintile,5.0,2022,actual_rents,0.27332238372086315
income_quintile,5.0,2022,non_rent_housing_fuel,1.3716007111190476
income_quintile,5.0,2022,furnishings,0.7279602944549505
income_quintile,5.0,2022,health,0.07911584343018713
income_quintile,5.0,2022,transport,1.5443714263640254
income_quintile,5.0,2022,communication,0.12923879468228056
income_quintile,5.0,2022,recreation_culture,0.611241966467401
income_quintile,5.0,2022,education,0.033938886127857074
income_quintile,5.0,2022,restaurants_hotels,0.9300755391681357
income_quintile,5.0,2022,misc_goods_services,0.46952555746055114
income_quintile,5.0,2022,all_items,8.448979269005186
income_quintile,5.0,2023,food_non_alcoholic,1.38175006684567
income_quintile,5.0,2023,alcohol_tobacco,0.22915561859155156
income_quintile,5.0,2023,clothing_footwear,0.17260278770676768
income_quintile,5.0,2023,actual_rents,0.5167555484535347
income_quintile,5.0,2023,non_rent_housing_fuel,0.45369530370635147
income_quintile,5.0,2023,furnishings,0.2512499192157158
income_quintile,5.0,2023,health,0.12187017199901486
income_quintile,5.0,2023,transport,-0.05695122751947293
income_quintile,5.0,2023,communication,0.3212804011447958
income_quintile,5.0,2023,recreation_culture,0.8015962111717996
income_quintile,5.0,2023,education,0.048685739976863894
income_quintile,5.0,2023,restaurants_hotels,0.8528834718682694
income_quintile,5.0,2023,misc_goods_services,0.4362005265346293
income_quintile,5.0,2023,all_items,5.530774539695491
income_quintile,5.0,2024,food_non_alcoholic,0.27655069444907615
income_quintile,5.0,2024,alcohol_tobacco,0.12061492687921713
income_quintile,5.0,2024,clothing_footwear,0.045590027030379315
income_quintile,5.0,2024,actual_rents,0.43372754308912226
income_quintile,5.0,2024,non_rent_housing_fuel,0.37719015691337254
income_quintile,5.0,2024,furnishings,-0.044994382204177424
income_quintile,5.0,2024,health,0.07793967807012776
income_quintile,5.0,2024,transport,0.010631812329880858
income_quintile,5.0,2024,communication,0.20736524469090203
income_quintile,5.0,2024,recreation_culture,0.5088124313616272
income_quintile,5.0,2024,education,0.05099434229784349
income_quintile,5.0,2024,restaurants_hotels,0.4922022241919812
income_quintile,5.0,2024,misc_goods_services,0.29460929392628027
income_quintile,5.0,2024,all_items,2.851233993025633
